<?xml version="1.0" encoding="utf-8"?>
<!--RId:$-->
<!-- Description: Sample muggle input file -->
<muggle >
<title>Company Profile And News For $what</title>
  <param name="what"/>
  <mug
      url="http://news.google.com/news?hl=en&amp;ned=tus&amp;q=$what&amp;scoring=d&amp;btnG=Google+Search">
    <title>Google News Search For $what</title>
    <transform uri="xpath-filter.xsl">
      <param name="locator" value="//body"/>
    </transform>
  </mug>
  <mug url="http://search.news.yahoo.com/search/news?p=$what&amp;n=20&amp;c=news">
    <title>Yahoo News Search For $what</title>
    <transform uri="xpath-filter.xsl">
      <param name="locator"
             value="//ol"/>
    </transform>
  </mug>
</muggle>
