<?xml version="1.0"?>
<!DOCTYPE html PUBLIC "-//W3C//DTD XHTML 1.0 Strict//EN" "DTD/xhtml1-strict.dtd">
<html>
  <head>
    <title>BBC Programs</title>
  </head>
  <body>
    <h1>BBC Programs</h1>
    <ul>
      <li>
        <a href="http://www.bbc.co.uk/worldservice/index.shtml">5 Minute Bulletin
        </a>
      </li>
      <li>
        <a href="http://www.bbc.co.uk/worldservice/programmes/perspective.shtml">African Perspective
        </a>
      </li>
      <li>
        <a href="http://www.bbc.co.uk/worldservice/programmes/agenda.shtml">Agenda
        </a>
      </li>
      <li>
        <a href="http://www.bbc.co.uk/worldservice/programmes/analysis.shtml">Analysis
        </a>
      </li>
      <li>
        <a href="http://www.bbc.co.uk/worldservice/programmes/artbeat.shtml">Artbeat
        </a>
      </li>
      <li>
        <a href="http://www.bbc.co.uk/worldservice/programmes/arts.shtml">Arts In Action
        </a>
      </li>
      <li>
        <a href="http://www.bbc.co.uk/worldservice/programmes/assignment.shtml">Assignment
        </a>
      </li>
      <li>
        <a href="http://www.bbc.co.uk/worldservice/programmes/battlejenin.shtml">Battle of Jenin: A BBC 
        </a>
      </li>
      <li>
        <a href="http://www.bbc.co.uk/worldservice/programmes/battlejenin.shtml">investigation
        </a>
      </li>
      <li>
        <a href="http://www.bbc.co.uk/worldservice/programmes/wmusic.shtml">Charlie Gillett
        </a>
      </li>
      <li>
        <a href="http://www.bbc.co.uk/worldservice/programmes/composer.shtml">Composer of the Month
        </a>
      </li>
      <li>
        <a href="http://www.bbc.co.uk/worldservice/programmes/concert.shtml">Concert Hall
        </a>
      </li>
      <li>
        <a href="http://www.bbc.co.uk/worldservice/programmes/brain.shtml">Discovery
        </a>
      </li>
      <li>
        <a href="http://www.bbc.co.uk/worldservice/eastasiatoday/">East Asia Today
        </a>
      </li>
      <li>
        <a href="http://www.bbc.co.uk/worldservice/programmes/ess_peo.shtml">Essential Guide
        </a>
      </li>
      <li>
        <a href="http://www.bbc.co.uk/worldservice/europetoday/">Europe Today
        </a>
      </li>
      <li>
        <a href="http://www.bbc.co.uk/worldservice/programmes/e_woman.shtml">Everywoman
        </a>
      </li>
      <li>
        <a href="http://www.bbc.co.uk/worldservice/programmes/fasttrack.shtml">Fast Track
        </a>
      </li>
      <li>
        <a href="http://www.bbc.co.uk/worldservice/focusonafrica/">Focus on Africa
        </a>
      </li>
      <li>
        <a href="http://www.bbc.co.uk/worldservice/programmes/foot_e.shtml">Football Extra
        </a>
      </li>
      <li>
        <a value="http://news.bbc.co.uk/hi/english/world/from_our_own_correspondent/default.stm">From our own Correspondent
        </a>
      </li>
      <li>
        <a href="http://www.bbc.co.uk/worldservice/business/review_globbus.shtml">Global Business
        </a>
      </li>
      <li>
        <a value="http://news.bbc.co.uk/hi/english/technology/newsid_1478000/1478157.stm">Go Digital
        </a>
      </li>
      <li>
        <a href="http://www.bbc.co.uk/worldservice/programmes/h_matters_sci.shtml">Health Matters
        </a>
      </li>
      <li>
        <a href="http://www.bbc.co.uk/worldservice/programmes/heart.shtml">Heart and Soul
        </a>
      </li>
      <li>
        <a href="http://www.bbc.co.uk/worldservice/programmes/hitch.shtml">Hitch-Hiker's Guide to 
        </a>
      </li>
      <li>
        <a href="http://www.bbc.co.uk/worldservice/programmes/hitch.shtml">the Galaxy
        </a>
      </li>
      <li>
        <a href="http://www.bbc.co.uk/worldservice/programmes/p_god.shtml">In Praise of God
        </a>
      </li>
      <li>
        <a href="http://www.bbc.co.uk/worldservice/programmes/iqt.shtml">International Question Time
        </a>
      </li>
      <li>
        <a href="http://www.bbc.co.uk/worldservice/programmes/jaz.shtml">Jazzmatazz
        </a>
      </li>
      <li>
        <a href="http://www.bbc.co.uk/worldservice/programmes/peel.shtml">John Peel
        </a>
      </li>
      <li>
        <a href="http://www.bbc.co.uk/worldservice/learningenglish/">Learning English
        </a>
      </li>
      <li>
        <a value="http://news.bbc.co.uk/hi/english/world/letter_from_america/default.stm">Letter from America
        </a>
      </li>
      <li>
        <a href="http://www.bbc.co.uk/worldservice/europe/europetoday/letters/index.shtml">Letters from Europe
        </a>
      </li>
      <li>
        <a href="http://www.bbc.co.uk/worldservice/programmes/meridianm.shtml">Meridian Masterpiece
        </a>
      </li>
      <li>
        <a href="http://www.bbc.co.uk/worldservice/programmes/merids.shtml">Meridian Screen
        </a>
      </li>
      <li>
        <a href="http://www.bbc.co.uk/worldservice/programmes/meridw.shtml">Meridian Writing
        </a>
      </li>
      <li>
        <a href="http://www.bbc.co.uk/worldservice/programmes/musicreview.shtml">Music Review
        </a>
      </li>
      <li>
        <a href="http://www.bbc.co.uk/worldservice/networkafrica/">Network Africa
        </a>
      </li>
      <li>
        <a href="http://www.bbc.co.uk/worldservice/weekend/index.shtml">Network Europe
        </a>
      </li>
      <li>
        <a href="http://www.bbc.co.uk/worldservice/europe/neweurope/">New Europe
        </a>
      </li>
      <li>
        <a href="http://www.bbc.co.uk/worldservice/programmes/newshour.shtml">Newshour
        </a>
      </li>
      <li>
        <a href="http://www.bbc.co.uk/worldservice/programmes/off.shtml">Off The Shelf
        </a>
      </li>
      <li>
        <a href="http://www.bbc.co.uk/worldservice/programmes/omni.shtml">Omnibus
        </a>
      </li>
      <li>
        <a href="http://www.bbc.co.uk/worldservice/programmes/planet_sci.shtml">One Planet
        </a>
      </li>
      <li>
        <a href="http://www.bbc.co.uk/worldservice/programmes/outlook_peo.shtml">Outlook
        </a>
      </li>
      <li>
        <a href="http://www.bbc.co.uk/worldservice/programmes/patterns.shtml">Patterns of Faith
        </a>
      </li>
      <li>
        <a href="http://www.bbc.co.uk/worldservice/programmes/peace.shtml">Peace Rhythms
        </a>
      </li>
      <li>
        <a href="http://www.bbc.co.uk/worldservice/programmes/people.shtml">People &amp; Places
        </a>
      </li>
      <li>
        <a href="http://www.bbc.co.uk/worldservice/programmes/politics.shtml">People &amp; Politics
        </a>
      </li>
      <li>
        <a href="http://www.bbc.co.uk/worldservice/programmes/pick_peo.shtml">Pick of the World
        </a>
      </li>
      <li>
        <a href="http://www.bbc.co.uk/worldservice/programmes/playwk.shtml">Play of the Week
        </a>
      </li>
      <li>
        <a href="http://www.bbc.co.uk/worldservice/programmes/rep_relig.shtml">Reporting Religion
        </a>
      </li>
      <li>
        <a href="http://www.bbc.co.uk/worldservice/programmes/revolver.shtml">Revolver
        </a>
      </li>
      <li>
        <a href="http://www.bbc.co.uk/worldservice/programmes/sci_act.shtml">Science in Action
        </a>
      </li>
      <li>
        <a href="http://www.bbc.co.uk/worldservice/programmes/sport_i.shtml">Sports International
        </a>
      </li>
      <li>
        <a value="http://news.bbc.co.uk/sport/">Sports Roundup
        </a>
      </li>
      <li>
        <a value="http://news.bbc.co.uk/hi/english/talking_point/default.stm">Talking Point
        </a>
      </li>
      <li>
        <a href="http://www.bbc.co.uk/worldservice/programmes/feature_two.shtml">The First Lines
        </a>
      </li>
      <li>
        <a href="http://www.bbc.co.uk/worldservice/programmes/musicbiz.shtml">The Music Biz
        </a>
      </li>
      <li>
        <a href="http://www.bbc.co.uk/worldservice/programmes/musicfeature.shtml">The Music Feature
        </a>
      </li>
      <li>
        <a href="http://www.bbc.co.uk/worldservice/programmes/top20.shtml">The UK Top 20
        </a>
      </li>
      <li>
        <a value="http://www.theworld.org/">The World
        </a>
      </li>
      <li>
        <a href="http://www.bbc.co.uk/worldservice/arts/features/westway/index.shtml">Westway
        </a>
      </li>
      <li>
        <a href="http://www.bbc.co.uk/worldservice/sci_tech/features/whats_the_problem/index.shtml">What's the Problem?
        </a>
      </li>
      <li>
        <a href="http://www.bbc.co.uk/worldservice/business/review_wbus.shtml">World Business Review
        </a>
      </li>
      <li>
        <a value="http://news.bbc.co.uk/sport/hi/english/tv_and_radio/world_football/default.stm">World Football
        </a>
      </li>
      <li>
        <a href="http://www.bbc.co.uk/worldservice/programmes/worldlearning.shtml">World Learning
        </a>
      </li>
      <li>
        <a href="http://www.bbc.co.uk/worldservice/programmes/world_today.shtml">World Today
        </a>
      </li>
      <li>
        <a href="http://www.bbc.co.uk/worldservice/programmes/eastasia.shtml">World Today East Asia
        </a>
      </li>
      <li>
        <a href="http://www.bbc.co.uk/worldservice/programmes/worldtoday_news_europe.shtml">World Today Europe
        </a>
      </li>
      <li>
        <a href="http://www.bbc.co.uk/worldservice/programmes/southasia.shtml">World Today South Asia
        </a>
      </li>
      <li>
        <a href="http://www.bbc.co.uk/worldservice/programmes/world_update.shtml">World Update
        </a>
      </li>
      <li>
        <a href="http://www.bbc.co.uk/worldservice/programmes/wright.shtml">Wright Round the World
        </a>
      </li>
      <li>
        <a href="http://www.bbc.co.uk/worldservice/programmes/writeon.shtml">Write On 
        </a>
      </li>
    </ul>
  </body>
</html>
