<!DOCTYPE html PUBLIC "-//W3C//DTD XHTML 1.0 Transitional//EN"
"http://www.w3.org/TR/xhtml1/DTD/xhtml1-transitional.dtd">
<html xmlns="http://www.w3.org/1999/xhtml">
  <head>
    <base href="http://www.blinkx.tv/SmartFeedReaders.php"/>
    <meta name="generator" content="HTML Tidy, see www.w3.org" />
    <title>Locate Online Broadcast Feeds Using BlinkX</title>
  </head>

  <body>
    <h1>Locate Online Broadcasts Using BlinkX</h1>
    <form name="foo" method="post"
          action="SmartFeedReaders.php#result">
      

      <p>1. First, tell us what you are interested in :<br />
      <input name="q" type="text" size="32" value="" /> (3 or more
      words is best)</p>

      <p>2. Now say how many results you want at a time:<br />
      <input name="max" type="text" size="2" max="3" value="50" />
      (max 50)</p>

      <p>3. Which channels do you want results from:</p>

      <table border="0">
        <tr>
          <td><input type="checkbox" checked="checked"
          name="reuters" />Reuters</td>

          <td><input type="checkbox" checked="checked"
          name="revs" />Revs.tv</td>
        </tr>

        <tr>
          <td><input type="checkbox" checked="checked"
          name="fox" />Fox News</td>

          <td><input type="checkbox" checked="checked"
          name="webvideo" />Video from the web</td>
        </tr>

        <tr>
          <td><input type="checkbox" checked="checked"
          name="theonenetwork" />The One Network</td>

          <td><input type="checkbox" checked="checked"
          name="verdictoncars" />Verdict On Cars</td>
        </tr>

        <tr>
          <td><input type="checkbox" checked="checked"
          name="londontv" />London.tv</td>

          <td><input type="checkbox" checked="checked"
          name="totalvid" />TotalVid.com</td>
        </tr>

        <tr>
          <td><input type="checkbox" checked="checked"
          name="inthebox" />In The Box Media</td>

          <td><input type="checkbox" checked="checked"
          name="transmission" />Transmission Films</td>
        </tr>

        <tr>
          <td><input type="checkbox" checked="checked"
          name="ifilms2" />IFilms.com</td>

          <td><input type="checkbox" checked="checked"
          name="podcast" />Podcasts</td>
        </tr>

        <tr>
          <td><input type="checkbox" checked="checked"
          name="cspan" />CSPAN</td>

          <td><input type="checkbox" checked="checked"
          name="cspan2" />CSPAN2</td>
        </tr>

        <tr>
          <td><input type="checkbox" checked="checked"
          name="bbcxml" />BBC</td>

          <td><input type="checkbox" checked="checked"
          name="bloomberg" />Bloomberg</td>
        </tr>

        <tr>
          <td><input type="checkbox" checked="checked"
          name="cnn" />CNN</td>

          <td><input type="checkbox" checked="checked"
          name="itv" />ITN</td>
        </tr>

        <tr>
          <td><input type="checkbox" checked="checked"
          name="msnbc" />MSNBC</td>

          <td><input type="checkbox" checked="checked"
          name="forbes" />Forbes</td>
        </tr>
      </table>

      <p>4. Do you want the filter applied?<br />
      <select name="filter">
        <option >
          filtered
        </option>

        <option>
          unfiltered
        </option>
      </select> content.</p>

      <p>5. And now just press the SmartFeed button to create your
      feed in the box below.<br />
      <input name="enter" type="submit"
             value="Give me my feed!" /></p>
    </form>
  </body>
</html>

