<?xml version="1.0"?>
<!--$Id: yahoo-radio.xml 3902 2006-05-03 02:54:05Z raman $-->
<!DOCTYPE html PUBLIC "-//W3C//DTD XHTML 1.0 Transitional//EN" "http://www.w3.org/TR/xhtml1/DTD/xhtml1-transitional.dtd">
<html xmlns="http://www.w3.org/1999/xhtml">
  <head>
    <title>Yahoo Radio Search</title>
  </head>
  <body>
    <p/>
    <form action="http://search.radio.yahoo.com/radiosearch" method="get">
      <input type="hidden" name="t" value="e"/>
      <input type="hidden" name="h" value="s"/>
      <input type="hidden" name="s" value="name"/>
      <table>
        <tr>
          <td>
            <input size="18" name="p" id="p"/>
            <label for="p">Find</label>
          </td>
          <td>
            <label for="type">Look in</label>
            <select name="o" size="1" id="type">
              <option value="all" selected="selected">All</option>
              <option value="name">Name / Frequency</option>
              <option value="location">Location</option>
              <option value="category">Genre</option>
            </select>
          </td>
          <td>
            <input type="submit" value="Search"/>
          </td>
        </tr>
      </table>
    </form>
  </body>
</html>
